itemtype,condition,obs
1,1,0.860028859666667
1,2,0.698005698
1,3,0.531851852
1,4,0.697197197333333
2,1,0.926406926333333
2,2,0.790598290666667
2,3,0.635555555333333
2,4,0.806306306333333
3,1,0.873015873
3,2,0.745014245
3,3,0.637037037333333
3,4,0.759759759666667
4,1,0.771284271333333
4,2,0.691595441666667
4,3,0.586666666666667
4,4,0.695945945666667
5,1,0.637325637333333
5,2,0.631054131
5,3,0.511604938333333
5,4,0.592592592666667
