itemtype,condition,pred
1,1,0.881699438860553
1,2,0.735289755606873
1,3,0.618218276180187
1,4,0.744029360002878
2,1,0.958948957571784
2,2,0.958948957571784
2,3,0.958948957571784
2,4,0.958948957571784
3,1,0.879904169134769
3,2,0.881617786292707
3,3,0.879047323265116
3,4,0.88032411651545
4,1,0.736113600033352
4,2,0.736222507110704
4,3,0.736224252024074
4,4,0.730286552101649
5,1,0.612825216425655
5,2,0.612075184900231
5,3,0.615308083134381
5,4,0.618968926635103
